name,url
Theodor Agapie, http://agapie.caltech.edu/
Frances H. Arnold, http://fhalab.caltech.edu/
Geoffrey Blake, https://web.gps.caltech.edu/~gab/
John F. Brady, https://cheme.caltech.edu/groups/jfb/index.html
Garnet K. Chan, https://www.chan-lab.caltech.edu/
Shasha Chong, https://www.schonglab.com/
William M. (Bil) Clemons Jr.,https://clemonslab.caltech.edu/
Scott K. Cushing, https://cushinglab.caltech.edu/
Sujit Datta, https://www.dattalab.caltech.edu/
Gözde Demirer, https://www.demirerlab.com/
Dennis A. Dougherty,https://www.its.caltech.edu/%7edadgrp/index.shtml
Isaac Fianu, https://fianulab.caltech.edu/
Richard C. Flagan, https://cheme.caltech.edu/groups/rcf/index.html
Kara Fong, https://fonglab.caltech.edu/
Gregory C. Fu, http://fugroup.caltech.edu/
Konstantinos P. Giapis, https://cheme.caltech.edu/groups/kpg/index.html
William A. Goddard, https://www.wag.caltech.edu/
Harry B. Gray, https://www.bilrc.caltech.edu/
Ryan G. Hadt, https://hadtlab.caltech.edu/
André Hoelz, http://ahweb.caltech.edu/AH_Web/Hoelz_Lab_Home.html
Linda C. Hsieh-Wilson, https://hsiehwilsonlab.caltech.edu/
Rustem F. Ismagilov,https://ismagilovlab.caltech.edu/
Julia A. Kornfield,https://kornfield.caltech.edu/
Nathan S. (Nate) Lewis,https://www.cce.caltech.edu/people/nathan-s-nate-lewis?back_url=%2Fpeople%3Fcategory%3D%26category%3D3%26search%3D%26submit%3DSearch%2B%25C2%25A0%2B%253E
Karthish Manthiram, https://manthiramlab.com/
Rudolph A. (Rudy) Marcus, http://chemistry.caltech.edu/rudyamarcus/
Stephen L. Mayo, https://www.mayo.caltech.edu/
Johannes Morstein, https://morsteinlab.caltech.edu/
Hosea M. Nelson, https://www.thenelsonlab.com/
Mitchio Okumura, https://okumuragroup.sites.caltech.edu/
Carl S. Parker, http://chemistry.caltech.edu/groups/parker/index.html
Jonas C. Peters,https://jcpgroup.caltech.edu/
Douglas C. (Doug) Rees, https://reeslab.caltech.edu/
Sarah E. Reisman, http://reismangroup.caltech.edu/
Maxwell J. Robb, https://www.robbgroup.caltech.edu/
Kimberly A. See, https://www.seegroup.caltech.edu/
Daniel Semlow, https://semlowlab.weebly.com/
Shu-ou Shan, http://shangroup.caltech.edu/Welcome.html
Mikhail G. Shapiro, https://shapirolab.caltech.edu/
Sandeep Sharma, https://www.cce.caltech.edu/people/sandeep-sharma?back_url=%2Fpeople%3Fcategory%3D%26category%3D3%26search%3D%26submit%3DSearch%2B%25C2%25A0%2B%253E
Brian M. Stoltz, https://www.stoltz.caltech.edu/
David A. Tirrell,https://tirrell-lab.caltech.edu/
Zhen-Gang Wang, http://zgwlab.che.caltech.edu/
Lu Wei,https://www.weilab.caltech.edu/
Daniel P. (Dan) Weitekamp, http://zgwlab.che.caltech.edu/









