name,url
Sara Achour,https://www.cs.stanford.edu/people/sara-achour
Maneesh Agrawala,https://www.cs.stanford.edu/people/maneesh-agrawala
Alex Aiken,https://www.cs.stanford.edu/people/alex-aiken
Nima Anari,https://www.cs.stanford.edu/people/nima-anari
Zain Asgar,https://www.cs.stanford.edu/people/zain-asgar
Stephen B. Montgomery,https://www.cs.stanford.edu/people/stephen-b-montgomery
Peter Bailis,https://www.cs.stanford.edu/people/peter-bailis-0
Clark Barrett,https://www.cs.stanford.edu/people/clark-barrett
Gill Bejerano,https://www.cs.stanford.edu/people/gill-bejerano
Michael Bernstein,https://www.cs.stanford.edu/people/michael-bernstein
Thomas Binford,https://www.cs.stanford.edu/people/thomas-binford
Jeannette Bohg,https://www.cs.stanford.edu/people/jeannette-bohg
Dan Boneh,https://www.cs.stanford.edu/people/dan-boneh
Adam Bouland,https://www.cs.stanford.edu/people/adam-bouland
Emma Brunskill,https://www.cs.stanford.edu/people/emma-brunskill
Mike Carbin Carbin,https://www.cs.stanford.edu/people/mike-carbin
Edward Chang,https://www.cs.stanford.edu/people/edward-chang-0
Moses Charikar,https://www.cs.stanford.edu/people/moses-charikar
William Dally,https://www.cs.stanford.edu/people/william-dally-0
Dora Demszky,https://www.cs.stanford.edu/people/dora-demszky
Ron Dror,https://www.cs.stanford.edu/people/ron-dror
Zakir Durumeric,https://www.cs.stanford.edu/people/zakir-durumeric
Dawson Engler,https://www.cs.stanford.edu/people/dawson-engler
Stefano Ermon,https://www.cs.stanford.edu/people/stefano-ermon
Kayvon Fatahalian,https://www.cs.stanford.edu/people/kayvon-fatahalian
Ron Fedkiw,https://www.cs.stanford.edu/people/ron-fedkiw
Edward Feigenbaum,https://www.cs.stanford.edu/people/edward-feigenbaum
Chelsea Finn,https://www.cs.stanford.edu/people/chelsea-finn
Emily Fox,https://www.cs.stanford.edu/people/emily-fox
Adrien Gaidon,https://www.cs.stanford.edu/people/adrien-gaidon
Michael Genesereth,https://www.cs.stanford.edu/people/michael-genesereth
Noah Goodman,https://www.cs.stanford.edu/people/noah-goodman
Christopher Gregg,https://www.cs.stanford.edu/people/christopher-gregg
Carlos Ernesto Guestrin,https://www.cs.stanford.edu/people/carlos-guestrin
Leonidas Guibas,https://www.cs.stanford.edu/people/leonidas-guibas
Christopher Hahn,https://www.cs.stanford.edu/people/christopher-hahn-0
Tatsunori Hashimoto,https://www.cs.stanford.edu/people/tatsunori-hashimoto
John Hennessy,https://www.cs.stanford.edu/people/john-hennessy
Daniel Ho,https://www.cs.stanford.edu/people/daniel-ho
Mark Horowitz,https://www.cs.stanford.edu/people/mark-horowitz
Doug James,https://www.cs.stanford.edu/people/doug-james
Dan Jurafsky,https://www.cs.stanford.edu/people/dan-jurafsky
Zerina Kapetanovic,https://www.cs.stanford.edu/people/zerina-kapetanovic
Sachin Katti,https://www.cs.stanford.edu/people/sachin-katti-0
Oussama Khatib,https://www.cs.stanford.edu/people/oussama-khatib
Fredrik Kjolstad,https://www.cs.stanford.edu/people/fredrik-kjoelstad
Oluwasanmi Koyejo,https://www.cs.stanford.edu/people/sanmi-koyejo
Christoforos Kozyrakis,https://www.cs.stanford.edu/people/christos-kozyrakis
Anshul Kundaje,https://www.cs.stanford.edu/people/anshul-kundaje
Monica Lam,https://www.cs.stanford.edu/people/monica-lam
James Landay,https://www.cs.stanford.edu/people/james-landay
Jure Leskovec,https://www.cs.stanford.edu/people/jure-leskovec
Philip Levis,https://www.cs.stanford.edu/people/philip-levis
Fei-Fei Li,https://www.cs.stanford.edu/people/fei-fei-li
Percy Liang,https://www.cs.stanford.edu/people/percy-liang
C. Karen Liu,https://www.cs.stanford.edu/people/karen-liu
Tengyu Ma,https://www.cs.stanford.edu/people/tengyu-ma
Christopher Manning,https://www.cs.stanford.edu/people/christopher-manning
David Mazieres,https://www.cs.stanford.edu/people/david-mazieres
Azalia Mirhoseini,https://www.cs.stanford.edu/people/azalia-mirhoseini
John Mitchell,https://www.cs.stanford.edu/people/john-mitchell
Subhasish Mitra,https://www.cs.stanford.edu/people/subhasish-mitra
Kunle Olukotun,https://www.cs.stanford.edu/people/oyekunle-olukotun
John Ousterhout,https://www.cs.stanford.edu/people/john-ousterhout
Christopher Piech,https://www.cs.stanford.edu/people/chris-piech
Balaji Prabhakar,https://www.cs.stanford.edu/people/balaji-prabhakar
Priyanka Raina,https://www.cs.stanford.edu/people/priyanka-raina-0
Christopher Re,https://www.cs.stanford.edu/people/chris-re
Omer Reingold,https://www.cs.stanford.edu/people/omer-reingold
Bruno Ribeiro,https://www.cs.stanford.edu/people/bruno-robeiro
Mendel Rosenblum,https://www.cs.stanford.edu/people/mendel-rosenblum
Aviad Rubinstein,https://www.cs.stanford.edu/people/aviad-rubinstein
Dorsa Sadigh,https://www.cs.stanford.edu/people/dorsa-sadigh
Mehran Sahami,https://www.cs.stanford.edu/people/mehran-sahami
Tselil Schramm,https://www.cs.stanford.edu/people/tselil-schramm
Aaron Sidford,https://www.cs.stanford.edu/people/aaron-sidford
Micah Steven Siegel,https://www.cs.stanford.edu/people/micah-steven-siegel
Shuran Song,https://www.cs.stanford.edu/people/shuran-song
Hariharan Subramonyam,https://www.cs.stanford.edu/people/hariharan-subramonyam
Vasilis Syrgkanis,https://www.cs.stanford.edu/people/vasilis-syrgkanis
Li-Yang Tan,https://www.cs.stanford.edu/people/li-yang-tan
Caroline Trippel,https://www.cs.stanford.edu/people/caroline-trippel
Gregory Valiant,https://www.cs.stanford.edu/people/gregory-valiant
Ellen Vitercik,https://www.cs.stanford.edu/people/ellen-vitercik
Jennifer Widom,https://www.cs.stanford.edu/people/jennifer-widom-0
Keith Winstein,https://www.cs.stanford.edu/people/keith-winstein
Mary Wootters,https://www.cs.stanford.edu/people/mary-wootters
Jiajun Wu,https://www.cs.stanford.edu/people/jiajun-wu
Daniel Yamins,https://www.cs.stanford.edu/people/dan-yamins
Diyi Yang,https://www.cs.stanford.edu/people/diyi-yang
James Zou,https://www.cs.stanford.edu/people/james-zou-0
