name,url
Markus Covert,https://bioengineering.stanford.edu/people/markus-covert
Russ B. Altman,https://bioengineering.stanford.edu/people/russ-altman
Kwabena Boahen,https://bioengineering.stanford.edu/people/kwabena-boahen
Wah Chiu,https://bioengineering.stanford.edu/people/wah-chiu
Jennifer R. Cochran,https://bioengineering.stanford.edu/people/jennifer-cochran
Karl Deisseroth,https://bioengineering.stanford.edu/people/karl-deisseroth
"Scott L. Delp, Ph.D.",https://bioengineering.stanford.edu/people/scott-delp
Michael Fischbach,https://bioengineering.stanford.edu/people/michael-fischbach
KC Huang,https://bioengineering.stanford.edu/people/kerwyn-huang
Michael Christopher Jewett,https://bioengineering.stanford.edu/people/michael-jewett-0
Joshua Makower,https://bioengineering.stanford.edu/people/josh-makower
Alison Marsden,https://bioengineering.stanford.edu/people/alison-marsden
Stephen Quake,https://bioengineering.stanford.edu/people/stephen-quake
Hyongsok Tom Soh,https://bioengineering.stanford.edu/people/hyongsok-tom-soh
James Swartz,https://bioengineering.stanford.edu/people/james-swartz
Annelise E. Barron,https://bioengineering.stanford.edu/people/annelise-barron
Zev Bryant,https://bioengineering.stanford.edu/people/zev-bryant
David Camarillo,https://bioengineering.stanford.edu/people/david-camarillo
Todd Coleman,https://bioengineering.stanford.edu/people/todd-coleman
Drew Endy,https://bioengineering.stanford.edu/people/drew-endy
Polly Fordyce,https://bioengineering.stanford.edu/people/polly-fordyce
Jin Hyung Lee,https://bioengineering.stanford.edu/people/jin-hyung-lee
Michael Lin,https://bioengineering.stanford.edu/people/michael-lin
Jan Liphardt,https://bioengineering.stanford.edu/people/jan-liphardt
Emma Lundberg,https://bioengineering.stanford.edu/people/emma-lundberg
Manu Prakash,https://bioengineering.stanford.edu/people/manu-prakash
Lei (Stanley) Qi,https://bioengineering.stanford.edu/people/stanley-qi
Fan Yang,https://bioengineering.stanford.edu/people/fan-yang
Lacramioara Bintu,https://bioengineering.stanford.edu/people/lacramioara-bintu
Jenn Brophy,https://bioengineering.stanford.edu/people/jennifer-brophy
Matthias Garten,https://bioengineering.stanford.edu/people/matthias-garten
Rogelio Hernández-López,https://bioengineering.stanford.edu/people/rogelio-hernandez-lopez
Vayu Hill-Maini,https://bioengineering.stanford.edu/people/vayu-hill-maini
Possu Huang,https://bioengineering.stanford.edu/people/possu-huang
Paul Nuyujukian,https://bioengineering.stanford.edu/people/paul-nuyujukian
Hawa Racine Thiam,https://bioengineering.stanford.edu/people/hawa-racine-thiam
Mark A. Skylar-Scott,https://bioengineering.stanford.edu/people/mark-skylar-scott
Bo Wang,https://bioengineering.stanford.edu/people/bo-wang
Dennis R Carter,https://bioengineering.stanford.edu/people/dennis-carter
