name,url
Alberto Salleo,https://mse.stanford.edu/people/alberto-salleo
Sarah Heilshorn,https://mse.stanford.edu/people/sarah-heilshorn
Mark Brongersma,https://mse.stanford.edu/people/mark-brongersma
William Chueh,https://mse.stanford.edu/people/william-chueh
Yi Cui,https://mse.stanford.edu/people/yi-cui
Reinhold Dauskardt,https://mse.stanford.edu/people/reinhold-dauskardt
Thomas Devereaux,https://mse.stanford.edu/people/thomas-devereaux
Jennifer Dionne,https://mse.stanford.edu/people/jennifer-dionne
Persis Drell,https://mse.stanford.edu/people/persis-drell
Sarah Heilshorn,https://mse.stanford.edu/people/sarah-heilshorn
Aaron Lindenberg,https://mse.stanford.edu/people/aaron-lindenberg
Paul McIntyre,https://mse.stanford.edu/people/paul-mcintyre
Nicholas Melosh,https://mse.stanford.edu/people/nicholas-melosh
Friedrich Prinz,https://mse.stanford.edu/people/friedrich-prinz
Alberto Salleo,https://mse.stanford.edu/people/alberto-salleo
Robert Sinclair,https://mse.stanford.edu/people/robert-sinclair
Andrew Spakowitz,https://mse.stanford.edu/people/andrew-spakowitz
Shan X. Wang,https://mse.stanford.edu/people/shan-wang
Eric Appel,https://mse.stanford.edu/people/eric-appel
Colin Ophus,https://mse.stanford.edu/people/colin-ophus
Leora Dresselhaus-Marais,https://mse.stanford.edu/people/leora-dresselhaus-marais
Guosong Hong,https://mse.stanford.edu/people/guosong-hong
Felipe Jornada,https://mse.stanford.edu/people/felipe-jornada
Andrew J. Mannix,https://mse.stanford.edu/people/andrew-mannix
Kunal Mukherjee,https://mse.stanford.edu/people/kunal-mukherjee
Turgut M Gür,https://mse.stanford.edu/people/turgut-gur
John Higgins,https://mse.stanford.edu/people/john-higgins
Krystelle Lionti,https://mse.stanford.edu/people/krystelle-lionti
Robert Dennis Miller,https://mse.stanford.edu/people/robert-miller
Jagjit Nanda,https://mse.stanford.edu/people/jagjit-nanda
Hendrik Ohldag,https://mse.stanford.edu/people/hendrik-ohldag
Austin Sendek,https://mse.stanford.edu/people/austin-sendek
Sadasivan (Sadas) Shankar,https://mse.stanford.edu/people/sadasivan-shankar
David G Stork,https://mse.stanford.edu/people/david-g-stork
wilman tsai,https://mse.stanford.edu/people/wilman-tsai
Raag Airan,https://mse.stanford.edu/people/raag-airan
Zhenan Bao,https://mse.stanford.edu/people/zhenan-bao
Stacey Bent,https://mse.stanford.edu/people/stacey-bent
Wei Cai,https://mse.stanford.edu/people/wei-cai
